Workbook

Sheet Attendance_Sheet
C5: Month | D5: Year | E5: ="Fully Automatic Attendance Tracker for the month of- "&C6&" "&D6 -> Fully Automatic Attendance Tracker for the month of- January 2026
C6: January | D6: 2026
C7: =DATEVALUE("01"&C6&D6) -> 46023 | D7: =EOMONTH(C7,0) -> 46053
C8: Emp_ID | D8: Emp_Name | E8: Designation | F8: =C7 -> 46023 | G8: =IF(F8<$D$7,F8+1,"") -> 46024 | H8: =IF(G8<$D$7,G8+1,"") -> 46025 | I8: =IF(H8<$D$7,H8+1,"") -> 46026 | J8: =IF(I8<$D$7,I8+1,"") -> 46027 | K8: =IF(J8<$D$7,J8+1,"") -> 46028 | L8: =IF(K8<$D$7,K8+1,"") -> 46029 | M8: =IF(L8<$D$7,L8+1,"") -> 46030 | N8: =IF(M8<$D$7,M8+1,"") -> 46031 | ... AJ8: =IF(AI8<$D$7,AI8+1,"") -> 46053 | AK8: Total Days | AL8: Absent | AM8: Leave | AN8: Half Day | AO8: WeekOff | AP8: Present
F9: =TEXT(F8,"DDD") -> Thu | G9: =TEXT(G8,"DDD") -> Fri | H9: =TEXT(H8,"DDD") -> Sat | I9: =TEXT(I8,"DDD") -> Sun | J9: =TEXT(J8,"DDD") -> Mon | K9: =TEXT(K8,"DDD") -> Tue | L9: =TEXT(L8,"DDD") -> Wed | M9: =TEXT(M8,"DDD") -> Thu | ... AJ9: =TEXT(AJ8,"DDD") -> Sat
C10: 1001 | D10: John Smith | E10: SR | F10: P | H10: P | I10: P | J10: P | K10: P | L10: P | M10: P | O10: H | P10: P | Q10: P | R10: P | S10: P | T10: P | V10: P | W10: P | X10: P | Y10: L | Z10: P | AA10: P | AC10: P | AD10: P | AE10: H | AF10: P | AG10: P | AH10: P | AJ10: P | AK10: =COUNT($F$8:$AJ$8) -> 31 | AL10: =COUNTIF(F10:AJ10,"A") -> 0 | AM10: =COUNTIF(F10:AJ10,"L") -> 1 | AN10: =COUNTIF(F10:AJ10,"H") -> 2 | AO10: =COUNTIF($F$9:$AJ$9,"Fri") -> 5 | AP10: =COUNTIF(F10:AJ10,"P") -> 23
C11: 1002 | D11: Sarah Johnson | E11: Manager | F11: P | H11: P | I11: P | J11: P | K11: P | L11: P | M11: P | O11: P | P11: P | Q11: P | R11: P | S11: P | T11: P | V11: H | W11: P | X11: P | Y11: P | Z11: P | AA11: P | AC11: P | AD11: P | AE11: P | AF11: P | AG11: P | AH11: P | AJ11: P | AK11: =COUNT($F$8:$AJ$8) -> 31 | AL11: =COUNTIF(F11:AJ11,"A") -> 0 | AM11: =COUNTIF(F11:AJ11,"L") -> 0 | AN11: =COUNTIF(F11:AJ11,"H") -> 1 | AO11: =COUNTIF($F$9:$AJ$9,"Fri") -> 5 | AP11: =COUNTIF(F11:AJ11,"P") -> 25
C12: 1003 | D12: Michael Brown | E12: SR | F12: P | H12: P | I12: P | J12: P | K12: P | L12: P | M12: P | O12: P | P12: P | Q12: P | R12: L | S12: P | T12: P | V12: P | W12: P | X12: P | Y12: P | Z12: P | AA12: P | AC12: P | AD12: P | AE12: P | AF12: P | AG12: P | AH12: P | AJ12: P | AK12: =COUNT($F$8:$AJ$8) -> 31 | AL12: =COUNTIF(F12:AJ12,"A") -> 0 | AM12: =COUNTIF(F12:AJ12,"L") -> 1 | AN12: =COUNTIF(F12:AJ12,"H") -> 0 | AO12: =COUNTIF($F$9:$AJ$9,"Fri") -> 5 | AP12: =COUNTIF(F12:AJ12,"P") -> 25
C13: 1004 | D13: Emily Davis | E13: DGM | F13: P | H13: P | I13: L | J13: P | K13: P | L13: P | M13: H | O13: P | P13: P | Q13: P | R13: H | S13: P | T13: P | V13: P | W13: P | X13: P | Y13: A | Z13: P | AA13: P | AC13: P | AD13: H | AE13: P | AF13: P | AG13: A | AH13: P | AJ13: P | AK13: =COUNT($F$8:$AJ$8) -> 31 | AL13: =COUNTIF(F13:AJ13,"A") -> 2 | AM13: =COUNTIF(F13:AJ13,"L") -> 1 | AN13: =COUNTIF(F13:AJ13,"H") -> 3 | AO13: =COUNTIF($F$9:$AJ$9,"Fri") -> 5 | AP13: =COUNTIF(F13:AJ13,"P") -> 20
C14: 1005 | D14: David Wilson | E14: MTO | F14: P | H14: P | I14: P | J14: L | K14: P | L14: P | M14: P | O14: P | P14: P | Q14: P | R14: P | S14: P | T14: P | V14: P | W14: P | X14: P | Y14: P | Z14: P | AA14: P | AC14: P | AD14: P | AE14: P | AF14: P | AG14: P | AH14: P | AJ14: P | AK14: =COUNT($F$8:$AJ$8) -> 31 | AL14: =COUNTIF(F14:AJ14,"A") -> 0 | AM14: =COUNTIF(F14:AJ14,"L") -> 1 | AN14: =COUNTIF(F14:AJ14,"H") -> 0 | AO14: =COUNTIF($F$9:$AJ$9,"Fri") -> 5 | AP14: =COUNTIF(F14:AJ14,"P") -> 25
C15: 1006 | D15: Jessica Taylor | E15: ASM | F15: P | H15: P | I15: P | J15: P | K15: P | L15: P | M15: P | O15: P | P15: P | Q15: P | R15: P | S15: P | T15: P | V15: P | W15: P | X15: P | Y15: P | Z15: P | AA15: P | AC15: P | AD15: P | AE15: P | AF15: P | AG15: P | AH15: P | AJ15: P | AK15: =COUNT($F$8:$AJ$8) -> 31 | AL15: =COUNTIF(F15:AJ15,"A") -> 0 | AM15: =COUNTIF(F15:AJ15,"L") -> 0 | AN15: =COUNTIF(F15:AJ15,"H") -> 0 | AO15: =COUNTIF($F$9:$AJ$9,"Fri") -> 5 | AP15: =COUNTIF(F15:AJ15,"P") -> 26
C16: 1007 | D16: Robert Thomas | E16: SR | F16: P | H16: P | I16: P | J16: P | K16: P | L16: P | M16: P | O16: P | P16: P | Q16: A | R16: P | S16: P | T16: P | V16: P | W16: P | X16: P | Y16: L | Z16: P | AA16: P | AC16: P | AD16: P | AE16: P | AF16: P | AG16: P | AH16: P | AJ16: P | AK16: =COUNT($F$8:$AJ$8) -> 31 | AL16: =COUNTIF(F16:AJ16,"A") -> 1 | AM16: =COUNTIF(F16:AJ16,"L") -> 1 | AN16: =COUNTIF(F16:AJ16,"H") -> 0 | AO16: =COUNTIF($F$9:$AJ$9,"Fri") -> 5 | AP16: =COUNTIF(F16:AJ16,"P") -> 24
C17: 1008 | D17: Linda Martinez | E17: TSM | F17: P | H17: P | I17: A | J17: P | K17: P | L17: P | M17: P | O17: P | P17: P | Q17: P | R17: P | S17: P | T17: P | V17: P | W17: P | X17: P | Y17: P | Z17: P | AA17: P | AC17: H | AD17: P | AE17: P | AF17: H | AG17: P | AH17: P | AJ17: P | AK17: =COUNT($F$8:$AJ$8) -> 31 | AL17: =COUNTIF(F17:AJ17,"A") -> 1 | AM17: =COUNTIF(F17:AJ17,"L") -> 0 | AN17: =COUNTIF(F17:AJ17,"H") -> 2 | AO17: =COUNTIF($F$9:$AJ$9,"Fri") -> 5 | AP17: =COUNTIF(F17:AJ17,"P") -> 23
C18: 1009 | D18: Sarah Ali | E18: SR | F18: P | H18: P | I18: P | J18: P | K18: P | L18: H | M18: P | O18: P | P18: P | Q18: P | R18: P | S18: P | T18: P | V18: P | W18: P | X18: P | Y18: A | Z18: P | AA18: P | AC18: P | AD18: P | AE18: P | AF18: L | AG18: P | AH18: P | AJ18: P | AK18: =COUNT($F$8:$AJ$8) -> 31 | AL18: =COUNTIF(F18:AJ18,"A") -> 1 | AM18: =COUNTIF(F18:AJ18,"L") -> 1 | AN18: =COUNTIF(F18:AJ18,"H") -> 1 | AO18: =COUNTIF($F$9:$AJ$9,"Fri") -> 5 | AP18: =COUNTIF(F18:AJ18,"P") -> 23
C19: 1010 | D19: Daniyel Jack | E19: SR | F19: P | H19: P | I19: P | J19: P | K19: P | L19: P | M19: P | O19: L | P19: P | Q19: P | R19: P | S19: P | T19: P | V19: P | W19: P | X19: P | Y19: P | Z19: P | AA19: P | AC19: P | AD19: P | AE19: P | AF19: H | AG19: P | AH19: P | AJ19: P | AK19: =COUNT($F$8:$AJ$8) -> 31 | AL19: =COUNTIF(F19:AJ19,"A") -> 0 | AM19: =COUNTIF(F19:AJ19,"L") -> 1 | AN19: =COUNTIF(F19:AJ19,"H") -> 1 | AO19: =COUNTIF($F$9:$AJ$9,"Fri") -> 5 | AP19: =COUNTIF(F19:AJ19,"P") -> 24
C20: 1011 | D20: Mira Khan | E20: ASM | F20: P | H20: P | I20: P | J20: P | K20: P | L20: P | M20: P | O20: P | P20: L | Q20: P | R20: P | S20: P | T20: P | V20: P | W20: P | X20: P | Y20: P | Z20: A | AA20: P | AC20: P | AD20: P | AE20: P | AF20: P | AG20: P | AH20: P | AJ20: P | AK20: =COUNT($F$8:$AJ$8) -> 31 | AL20: =COUNTIF(F20:AJ20,"A") -> 1 | AM20: =COUNTIF(F20:AJ20,"L") -> 1 | AN20: =COUNTIF(F20:AJ20,"H") -> 0 | AO20: =COUNTIF($F$9:$AJ$9,"Fri") -> 5 | AP20: =COUNTIF(F20:AJ20,"P") -> 24
C21: 1012 | D21: Andron Danish | E21: SR | F21: P | H21: P | I21: P | J21: P | K21: P | L21: P | M21: P | O21: P | P21: P | Q21: P | R21: P | S21: P | T21: P | V21: P | W21: P | X21: P | Y21: P | Z21: P | AA21: P | AC21: P | AD21: P | AE21: P | AF21: P | AG21: P | AH21: P | AJ21: P | AK21: =COUNT($F$8:$AJ$8) -> 31 | AL21: =COUNTIF(F21:AJ21,"A") -> 0 | AM21: =COUNTIF(F21:AJ21,"L") -> 0 | AN21: =COUNTIF(F21:AJ21,"H") -> 0 | AO21: =COUNTIF($F$9:$AJ$9,"Fri") -> 5 | AP21: =COUNTIF(F21:AJ21,"P") -> 26
E42: Month
E43: January
E44: February
E45: March
E46: April
E47: May
E48: June
E49: July
E50: August
E51: September
E52: October
E53: November
E54: December

Sheet Salary_Sheet
E3: `
C4: Emp_ID | D4: Emp_Name | E4: Designation | F4: Basic Salary | G4: Total Days | H4: Attendance (Working Days) | I4: Overtime in Hrs. | J4: Per Day Salary | K4: Earnings (BDT) | Q4: Deductions (BDT)
K5: Salary (Based on Attendance) | L5: DA (12%) | M5: HRA (40%) | N5: Conveyance (10%) | O5: Overtime Pay | P5: Gross Salary | Q5: PF (5%) | R5: Insurance (500 TK) | S5: Total Deduction | T5: Net Salary
C6: =Attendance_Sheet!C10 -> 1001 | D6: =Attendance_Sheet!D10 -> John Smith | E6: =Attendance_Sheet!E10 -> SR | F6: 18000 | G6: =Attendance_Sheet!AK10 -> 31 | H6: =SUM(Attendance_Sheet!AM10+(Attendance_Sheet!AN10/2)+Attendance_Sheet!AO10+Attendance_Sheet!AP10) -> 30 | I6: 10 | J6: =F6/G6 -> 580.64516 | K6: =J6*H6 -> 17419.355 | L6: =F6*12% -> 2160 | M6: =F6*40% -> 7200 | N6: =F6*10% -> 1800 | O6: =J6/8*I6 -> 725.80645 | P6: =K6+L6+M6+N6+O6 -> 29305.161 | Q6: =F6*5% -> 900 | R6: 500 | S6: =Q6+R6 -> 1400 | T6: =P6-S6 -> 27905.161
C7: =Attendance_Sheet!C11 -> 1002 | D7: =Attendance_Sheet!D11 -> Sarah Johnson | E7: =Attendance_Sheet!E11 -> Manager | F7: 40000 | G7: =Attendance_Sheet!AK11 -> 31 | H7: =SUM(Attendance_Sheet!AM11+(Attendance_Sheet!AN11/2)+Attendance_Sheet!AO11+Attendance_Sheet!AP11) -> 30.5 | I7: 12 | J7: =F7/G7 -> 1290.3226 | K7: =J7*H7 -> 39354.839 | L7: =F7*12% -> 4800 | M7: =F7*40% -> 16000 | N7: =F7*10% -> 4000 | O7: =J7/8*I7 -> 1935.4839 | P7: =K7+L7+M7+N7+O7 -> 66090.323 | Q7: =F7*5% -> 2000 | R7: 500 | S7: =Q7+R7 -> 2500 | T7: =P7-S7 -> 63590.323
C8: =Attendance_Sheet!C12 -> 1003 | D8: =Attendance_Sheet!D12 -> Michael Brown | E8: =Attendance_Sheet!E12 -> SR | F8: 18000 | G8: =Attendance_Sheet!AK12 -> 31 | H8: =SUM(Attendance_Sheet!AM12+(Attendance_Sheet!AN12/2)+Attendance_Sheet!AO12+Attendance_Sheet!AP12) -> 31 | I8: 8 | J8: =F8/G8 -> 580.64516 | K8: =J8*H8 -> 18000 | L8: =F8*12% -> 2160 | M8: =F8*40% -> 7200 | N8: =F8*10% -> 1800 | O8: =J8/8*I8 -> 580.64516 | P8: =K8+L8+M8+N8+O8 -> 29740.645 | Q8: =F8*5% -> 900 | R8: 500 | S8: =Q8+R8 -> 1400 | T8: =P8-S8 -> 28340.645
C9: =Attendance_Sheet!C13 -> 1004 | D9: =Attendance_Sheet!D13 -> Emily Davis | E9: =Attendance_Sheet!E13 -> DGM | F9: 70000 | G9: =Attendance_Sheet!AK13 -> 31 | H9: =SUM(Attendance_Sheet!AM13+(Attendance_Sheet!AN13/2)+Attendance_Sheet!AO13+Attendance_Sheet!AP13) -> 27.5 | I9: 6 | J9: =F9/G9 -> 2258.0645 | K9: =J9*H9 -> 62096.774 | L9: =F9*12% -> 8400 | M9: =F9*40% -> 28000 | N9: =F9*10% -> 7000 | O9: =J9/8*I9 -> 1693.5484 | P9: =K9+L9+M9+N9+O9 -> 107190.32 | Q9: =F9*5% -> 3500 | R9: 500 | S9: =Q9+R9 -> 4000 | T9: =P9-S9 -> 103190.32
C10: =Attendance_Sheet!C14 -> 1005 | D10: =Attendance_Sheet!D14 -> David Wilson | E10: SR | F10: 18000 | G10: =Attendance_Sheet!AK14 -> 31 | H10: =SUM(Attendance_Sheet!AM14+(Attendance_Sheet!AN14/2)+Attendance_Sheet!AO14+Attendance_Sheet!AP14) -> 31 | I10: 3 | J10: =F10/G10 -> 580.64516 | K10: =J10*H10 -> 18000 | L10: =F10*12% -> 2160 | M10: =F10*40% -> 7200 | N10: =F10*10% -> 1800 | O10: =J10/8*I10 -> 217.74194 | P10: =K10+L10+M10+N10+O10 -> 29377.742 | Q10: =F10*5% -> 900 | R10: 500 | S10: =Q10+R10 -> 1400 | T10: =P10-S10 -> 27977.742
C11: =Attendance_Sheet!C15 -> 1006 | D11: =Attendance_Sheet!D15 -> Jessica Taylor | E11: =Attendance_Sheet!E15 -> ASM | F11: 30000 | G11: =Attendance_Sheet!AK15 -> 31 | H11: =SUM(Attendance_Sheet!AM15+(Attendance_Sheet!AN15/2)+Attendance_Sheet!AO15+Attendance_Sheet!AP15) -> 31 | I11: 15 | J11: =F11/G11 -> 967.74194 | K11: =J11*H11 -> 30000 | L11: =F11*12% -> 3600 | M11: =F11*40% -> 12000 | N11: =F11*10% -> 3000 | O11: =J11/8*I11 -> 1814.5161 | P11: =K11+L11+M11+N11+O11 -> 50414.516 | Q11: =F11*5% -> 1500 | R11: 500 | S11: =Q11+R11 -> 2000 | T11: =P11-S11 -> 48414.516
C12: =Attendance_Sheet!C16 -> 1007 | D12: =Attendance_Sheet!D16 -> Robert Thomas | E12: =Attendance_Sheet!E16 -> SR | F12: 18000 | G12: =Attendance_Sheet!AK16 -> 31 | H12: =SUM(Attendance_Sheet!AM16+(Attendance_Sheet!AN16/2)+Attendance_Sheet!AO16+Attendance_Sheet!AP16) -> 30 | I12: 13 | J12: =F12/G12 -> 580.64516 | K12: =J12*H12 -> 17419.355 | L12: =F12*12% -> 2160 | M12: =F12*40% -> 7200 | N12: =F12*10% -> 1800 | O12: =J12/8*I12 -> 943.54839 | P12: =K12+L12+M12+N12+O12 -> 29522.903 | Q12: =F12*5% -> 900 | R12: 500 | S12: =Q12+R12 -> 1400 | T12: =P12-S12 -> 28122.903
C13: =Attendance_Sheet!C17 -> 1008 | D13: =Attendance_Sheet!D17 -> Linda Martinez | E13: =Attendance_Sheet!E17 -> TSM | F13: 25000 | G13: =Attendance_Sheet!AK17 -> 31 | H13: =SUM(Attendance_Sheet!AM17+(Attendance_Sheet!AN17/2)+Attendance_Sheet!AO17+Attendance_Sheet!AP17) -> 29 | I13: 9 | J13: =F13/G13 -> 806.45161 | K13: =J13*H13 -> 23387.097 | L13: =F13*12% -> 3000 | M13: =F13*40% -> 10000 | N13: =F13*10% -> 2500 | O13: =J13/8*I13 -> 907.25806 | P13: =K13+L13+M13+N13+O13 -> 39794.355 | Q13: =F13*5% -> 1250 | R13: 500 | S13: =Q13+R13 -> 1750 | T13: =P13-S13 -> 38044.355
C14: =Attendance_Sheet!C18 -> 1009 | D14: =Attendance_Sheet!D18 -> Sarah Ali | E14: =Attendance_Sheet!E18 -> SR | F14: 18000 | G14: =Attendance_Sheet!AK18 -> 31 | H14: =SUM(Attendance_Sheet!AM18+(Attendance_Sheet!AN18/2)+Attendance_Sheet!AO18+Attendance_Sheet!AP18) -> 29.5 | I14: 10 | J14: =F14/G14 -> 580.64516 | K14: =J14*H14 -> 17129.032 | L14: =F14*12% -> 2160 | M14: =F14*40% -> 7200 | N14: =F14*10% -> 1800 | O14: =J14/8*I14 -> 725.80645 | P14: =K14+L14+M14+N14+O14 -> 29014.839 | Q14: =F14*5% -> 900 | R14: 500 | S14: =Q14+R14 -> 1400 | T14: =P14-S14 -> 27614.839
C15: =Attendance_Sheet!C19 -> 1010 | D15: =Attendance_Sheet!D19 -> Daniyel Jack | E15: =Attendance_Sheet!E19 -> SR | F15: 18000 | G15: =Attendance_Sheet!AK19 -> 31 | H15: =SUM(Attendance_Sheet!AM19+(Attendance_Sheet!AN19/2)+Attendance_Sheet!AO19+Attendance_Sheet!AP19) -> 30.5 | I15: 5 | J15: =F15/G15 -> 580.64516 | K15: =J15*H15 -> 17709.677 | L15: =F15*12% -> 2160 | M15: =F15*40% -> 7200 | N15: =F15*10% -> 1800 | O15: =J15/8*I15 -> 362.90323 | P15: =K15+L15+M15+N15+O15 -> 29232.581 | Q15: =F15*5% -> 900 | R15: 500 | S15: =Q15+R15 -> 1400 | T15: =P15-S15 -> 27832.581
C16: =Attendance_Sheet!C20 -> 1011 | D16: =Attendance_Sheet!D20 -> Mira Khan | E16: =Attendance_Sheet!E20 -> ASM | F16: 30000 | G16: =Attendance_Sheet!AK20 -> 31 | H16: =SUM(Attendance_Sheet!AM20+(Attendance_Sheet!AN20/2)+Attendance_Sheet!AO20+Attendance_Sheet!AP20) -> 30 | I16: 7 | J16: =F16/G16 -> 967.74194 | K16: =J16*H16 -> 29032.258 | L16: =F16*12% -> 3600 | M16: =F16*40% -> 12000 | N16: =F16*10% -> 3000 | O16: =J16/8*I16 -> 846.77419 | P16: =K16+L16+M16+N16+O16 -> 48479.032 | Q16: =F16*5% -> 1500 | R16: 500 | S16: =Q16+R16 -> 2000 | T16: =P16-S16 -> 46479.032
C17: =Attendance_Sheet!C21 -> 1012 | D17: =Attendance_Sheet!D21 -> Andron Danish | E17: =Attendance_Sheet!E21 -> SR | F17: 18000 | G17: =Attendance_Sheet!AK21 -> 31 | H17: =SUM(Attendance_Sheet!AM21+(Attendance_Sheet!AN21/2)+Attendance_Sheet!AO21+Attendance_Sheet!AP21) -> 31 | I17: 16 | J17: =F17/G17 -> 580.64516 | K17: =J17*H17 -> 18000 | L17: =F17*12% -> 2160 | M17: =F17*40% -> 7200 | N17: =F17*10% -> 1800 | O17: =J17/8*I17 -> 1161.2903 | P17: =K17+L17+M17+N17+O17 -> 30321.29 | Q17: =F17*5% -> 900 | R17: 500 | S17: =Q17+R17 -> 1400 | T17: =P17-S17 -> 28921.29

Sheet Salary_Slip
C4: XYZ Private Limited Company
C5: Kathal Tola, Thana Mor, Bogura
C6: ="Salary Slip-"&Attendance_Sheet!C6&" "&Attendance_Sheet!D6 -> Salary Slip-January 2026
C8: Emp_ID | D8: 1004 | E8: Designation | F8: =IFERROR(VLOOKUP(Salary_Slip!D8,Salary_Sheet!C4:T17,3,FALSE),"") -> DGM
C9: Emp_Name | D9: =IFERROR(VLOOKUP(D8,Salary_Sheet!C4:T17,2,FALSE),"") -> Emily Davis | E9: Date | F9: =TODAY() -> 46281
C11: Earnings | E11: Deductions
C12: Salary on Attendance | D12: =IFERROR(VLOOKUP(D8,Salary_Sheet!C4:T17,9,FALSE),"") -> 62096.774 | E12: PF (5%) | F12: =IFERROR(VLOOKUP(D8,Salary_Sheet!C4:T17,15,FALSE),"") -> 3500
C13: DA (12%) | D13: =IFERROR(VLOOKUP(D8,Salary_Sheet!C4:T17,10,FALSE),"") -> 8400 | E13: Insurance | F13: =IFERROR(VLOOKUP(D8,Salary_Sheet!C4:T17,16,FALSE),"") -> 500
C14: HRA (40%) | D14: =IFERROR(VLOOKUP(D8,Salary_Sheet!C4:T17,11,FALSE),"") -> 28000
C15: Conveyance (10%) | D15: =IFERROR(VLOOKUP(D8,Salary_Sheet!C4:T17,12,FALSE),"") -> 7000
C16: Overtime | D16: =IFERROR(VLOOKUP(D8,Salary_Sheet!C4:T17,13,FALSE),"") -> 1693.5484
C17: Total Earnings | D17: =IFERROR(VLOOKUP(D8,Salary_Sheet!C4:T17,14),"") -> 107190.32 | E17: Total Deductions | F17: =IFERROR(VLOOKUP(D8,Salary_Sheet!C4:T17,17),"") -> 4000
C19: Net Salary | E19: =IFERROR(VLOOKUP(D8,Salary_Sheet!C4:T17,18),"") -> 103190.32
C22: Sign of Employee______________________ | E22: Sign of Director______________________
